Film_Name,Release_Date,Category,Language,Viewer_Rate,Number_of_Views,Viewing_Month,Unique_Movie
Chennai Express,9/12/2021,Romance,Hindi,4.5,36395,2022-09-01 00:00:00,Chennai Express | Hindi | Romance
Mountain Trail,4/27/2020,Comedy,English,3.5,93162,2021-07-01 00:00:00,Mountain Trail | English | Comedy
Eternal Hope,7/4/2020,Romance,English,4.6,98663,2021-04-01 00:00:00,Eternal Hope | English | Romance
Seoul Heartbeat,4/17/2020,Comedy,English,4.1,112635,2020-07-01 00:00:00,Seoul Heartbeat | English | Comedy
Shadow Pact,2/24/2022,Documentary,English,4.3,29496,2023-05-01 00:00:00,Shadow Pact | English | Documentary
Sunset Vows,6/22/2020,Drama/Thriller,English,4.7,82472,2022-05-01 00:00:00,Sunset Vows | English | Drama/Thriller
Mountain Trail,5/30/2024,Horror,English,4.9,56001,2024-08-01 00:00:00,Mountain Trail | English | Horror
Kochi Waves,12/8/2022,Horror,English,4.5,55228,2024-06-01 00:00:00,Kochi Waves | English | Horror
Eternal Hope,2/12/2022,Comedy,English,4.2,91149,2022-06-01 00:00:00,Eternal Hope | English | Comedy
Seoul Heartbeat,5/14/2021,Comedy,English,3.6,88038,2023-01-01 00:00:00,Seoul Heartbeat | English | Comedy
Midnight Train,1/8/2020,Documentary,English,4.6,39793,2021-02-01 00:00:00,Midnight Train | English | Documentary
Taipei Secrets,11/27/2022,Action/Sci-Fi,English,4.6,123996,2023-12-01 00:00:00,Taipei Secrets | English | Action/Sci-Fi
Mirror Maze,3/31/2022,Romance,English,3.9,95604,2023-10-01 00:00:00,Mirror Maze | English | Romance
Taipei Secrets,3/4/2022,Documentary,English,4.6,31561,2022-04-01 00:00:00,Taipei Secrets | English | Documentary
Silent Echoes,12/12/2021,Romance,English,3.9,93843,2022-08-01 00:00:00,Silent Echoes | English | Romance
Digital Dawn,9/11/2024,Horror,English,3.7,63936,2025-07-01 00:00:00,Digital Dawn | English | Horror
A Summer Dream,2/10/2020,Comedy,English,4.1,90310,2021-04-01 00:00:00,A Summer Dream | English | Comedy
Tech Singularity,4/7/2020,Horror,English,4.5,62864,2021-06-01 00:00:00,Tech Singularity | English | Horror
Love in the Frost,9/2/2020,Romance,English,3.9,170350,2022-02-01 00:00:00,Love in the Frost | English | Romance
Lahore Nights,8/16/2021,Romance,English,4.2,171661,2023-02-01 00:00:00,Lahore Nights | English | Romance
Seoul Heartbeat,7/22/2021,Action/Sci-Fi,English,3.8,126968,2022-12-01 00:00:00,Seoul Heartbeat | English | Action/Sci-Fi
The King's Guard,4/6/2022,Horror,English,4.7,51223,2022-09-01 00:00:00,The King's Guard | English | Horror
The Last Samurai,3/5/2023,Romance,English,3.9,102688,2023-04-01 00:00:00,The Last Samurai | English | Romance
Heartbreak Hotel,9/15/2021,Comedy,English,4.0,106348,2023-08-01 00:00:00,Heartbreak Hotel | English | Comedy
Mumbai Saga,9/6/2022,Action/Sci-Fi,English,4.9,120974,2023-05-01 00:00:00,Mumbai Saga | English | Action/Sci-Fi
The Quantum Helix,6/16/2020,Horror,English,4.4,128852,2021-10-01 00:00:00,The Quantum Helix | English | Horror
The Green Line,3/12/2021,Drama/Thriller,English,3.6,93485,2022-12-01 00:00:00,The Green Line | English | Drama/Thriller
Midnight Train,8/3/2020,Comedy,English,4.4,90856,2020-10-01 00:00:00,Midnight Train | English | Comedy
Mountain Trail,10/26/2021,Romance,English,4.1,97297,2022-10-01 00:00:00,Mountain Trail | English | Romance
Tech Singularity,5/6/2023,Action/Sci-Fi,English,4.8,109602,2024-09-01 00:00:00,Tech Singularity | English | Action/Sci-Fi
Mountain Trail,10/14/2021,Documentary,English,4.4,47828,2023-04-01 00:00:00,Mountain Trail | English | Documentary
Midnight Train,4/5/2021,Documentary,English,4.2,29747,2021-09-01 00:00:00,Midnight Train | English | Documentary
The Quantum Helix,5/17/2020,Action/Sci-Fi,English,3.6,120161,2021-12-01 00:00:00,The Quantum Helix | English | Action/Sci-Fi
The Green Line,12/19/2023,Drama/Thriller,English,3.7,67815,2024-08-01 00:00:00,The Green Line | English | Drama/Thriller
Heartbreak Hotel,1/12/2023,Romance,English,3.9,89311,2023-06-01 00:00:00,Heartbreak Hotel | English | Romance
A Summer Dream,7/2/2023,Romance,English,4.1,154999,2024-12-01 00:00:00,A Summer Dream | English | Romance
The Warrior King,1/6/2022,Drama/Thriller,English,4.7,70916,2023-03-01 00:00:00,The Warrior King | English | Drama/Thriller
Future City,4/2/2020,Documentary,English,4.8,30711,2021-09-01 00:00:00,Future City | English | Documentary
Seoul Heartbeat,10/18/2020,Romance,English,4.5,179123,2022-02-01 00:00:00,Seoul Heartbeat | English | Romance
Eternal Hope,6/13/2023,Documentary,English,4.1,33065,2024-11-01 00:00:00,Eternal Hope | English | Documentary
Chennai Express,2/21/2023,Comedy,English,4.0,102808,2024-02-01 00:00:00,Chennai Express | English | Comedy
The King's Guard,6/27/2020,Drama/Thriller,English,4.0,93416,2021-01-01 00:00:00,The King's Guard | English | Drama/Thriller
Love in the Frost,3/12/2022,Action/Sci-Fi,English,3.6,108315,2023-10-01 00:00:00,Love in the Frost | English | Action/Sci-Fi
Kandy Dreams,5/6/2022,Romance,English,4.3,95531,2023-08-01 00:00:00,Kandy Dreams | English | Romance
Tech Singularity,1/27/2020,Romance,English,3.5,77131,2020-01-01 00:00:00,Tech Singularity | English | Romance
Love in the Frost,12/31/2023,Documentary,English,4.3,31280,2024-03-01 00:00:00,Love in the Frost | English | Documentary
Silent Echoes,6/11/2020,Documentary,English,4.7,28677,2021-09-01 00:00:00,Silent Echoes | English | Documentary
Taipei Secrets,1/18/2021,Comedy,English,4.7,113410,2021-10-01 00:00:00,Taipei Secrets | English | Comedy
Heartbreak Hotel,7/30/2021,Comedy,Spanish,4.2,110938,2022-11-01 00:00:00,Heartbreak Hotel | Spanish | Comedy
Kandy Dreams,6/12/2024,Drama/Thriller,Spanish,4.5,73352,2025-07-01 00:00:00,Kandy Dreams | Spanish | Drama/Thriller
Mountain Trail,10/12/2022,Romance,Spanish,4.7,88176,2024-05-01 00:00:00,Mountain Trail | Spanish | Romance
Shadow Pact,5/26/2024,Romance,Spanish,3.7,102830,2025-11-01 00:00:00,Shadow Pact | Spanish | Romance
Lahore Nights,11/5/2020,Comedy,Spanish,4.6,104346,2022-10-01 00:00:00,Lahore Nights | Spanish | Comedy
Kochi Waves,6/20/2022,Comedy,Spanish,4.6,117797,2024-05-01 00:00:00,Kochi Waves | Spanish | Comedy
Distant Star,12/7/2024,Documentary,Spanish,4.3,50956,2025-04-01 00:00:00,Distant Star | Spanish | Documentary
Tokyo Drift 2,8/17/2024,Horror,Spanish,4.7,46523,2025-03-01 00:00:00,Tokyo Drift 2 | Spanish | Horror
Mirror Maze,3/9/2021,Action/Sci-Fi,Spanish,3.5,161811,2022-07-01 00:00:00,Mirror Maze | Spanish | Action/Sci-Fi
Lahore Nights,8/16/2022,Documentary,Spanish,3.7,36681,2023-06-01 00:00:00,Lahore Nights | Spanish | Documentary
Distant Star,9/22/2023,Action/Sci-Fi,Spanish,4.4,123897,2025-01-01 00:00:00,Distant Star | Spanish | Action/Sci-Fi
Digital Dawn,11/27/2021,Horror,Spanish,4.8,48585,2023-05-01 00:00:00,Digital Dawn | Spanish | Horror
Urban Chaos,1/4/2021,Comedy,Spanish,4.8,128703,2021-12-01 00:00:00,Urban Chaos | Spanish | Comedy
Mirror Maze,8/10/2022,Documentary,French,3.8,26064,2024-07-01 00:00:00,Mirror Maze | French | Documentary
Eternal Hope,10/18/2024,Romance,French,4.4,84145,2025-11-01 00:00:00,Eternal Hope | French | Romance
The Last Samurai,10/11/2021,Action/Sci-Fi,French,4.6,122381,2022-01-01 00:00:00,The Last Samurai | French | Action/Sci-Fi
Future City,1/4/2022,Comedy,French,4.0,111338,2023-07-01 00:00:00,Future City | French | Comedy
Heartbreak Hotel,6/2/2023,Comedy,French,4.3,101250,2025-03-01 00:00:00,Heartbreak Hotel | French | Comedy
Mumbai Saga,8/29/2020,Comedy,French,4.4,89703,2020-09-01 00:00:00,Mumbai Saga | French | Comedy
Crimson Tide,12/2/2022,Drama/Thriller,French,4.7,70922,2023-03-01 00:00:00,Crimson Tide | French | Drama/Thriller
The Warrior King,4/4/2023,Drama/Thriller,French,3.6,85493,2023-05-01 00:00:00,The Warrior King | French | Drama/Thriller
Taipei Secrets,9/10/2021,Action/Sci-Fi,French,4.3,116182,2022-04-01 00:00:00,Taipei Secrets | French | Action/Sci-Fi
The Last Samurai,1/30/2023,Comedy,French,3.8,94033,2024-11-01 00:00:00,The Last Samurai | French | Comedy
Mountain Trail,9/19/2024,Horror,French,4.5,83759,2025-11-01 00:00:00,Mountain Trail | French | Horror
Mumbai Saga,10/11/2021,Documentary,French,4.0,46293,2023-01-01 00:00:00,Mumbai Saga | French | Documentary
Tokyo Drift 2,11/25/2023,Drama/Thriller,French,4.2,74809,2024-05-01 00:00:00,Tokyo Drift 2 | French | Drama/Thriller
The Warrior King,8/16/2023,Romance,French,4.2,88773,2023-08-01 00:00:00,The Warrior King | French | Romance
The King's Guard,10/16/2020,Romance,French,4.8,167262,2021-12-01 00:00:00,The King's Guard | French | Romance
Eternal Hope,10/5/2024,Comedy,Japanese,4.3,96981,2025-08-01 00:00:00,Eternal Hope | Japanese | Comedy
Tech Singularity,2/21/2021,Romance,Japanese,4.0,80340,2022-08-01 00:00:00,Tech Singularity | Japanese | Romance
Sunset Vows,12/8/2020,Horror,Japanese,4.6,57577,2022-09-01 00:00:00,Sunset Vows | Japanese | Horror
Shadow Pact,4/15/2021,Horror,Japanese,3.7,62181,2022-01-01 00:00:00,Shadow Pact | Japanese | Horror
Kandy Dreams,10/7/2024,Romance,Japanese,4.6,158127,2024-12-01 00:00:00,Kandy Dreams | Japanese | Romance
Distant Star,9/1/2022,Action/Sci-Fi,Japanese,3.9,127353,2023-04-01 00:00:00,Distant Star | Japanese | Action/Sci-Fi
Future City,9/28/2022,Romance,Japanese,4.1,141947,2022-12-01 00:00:00,Future City | Japanese | Romance
A Summer Dream,9/23/2021,Comedy,Japanese,4.4,107401,2022-10-01 00:00:00,A Summer Dream | Japanese | Comedy
Seoul Heartbeat,10/2/2020,Action/Sci-Fi,Japanese,4.1,134320,2021-11-01 00:00:00,Seoul Heartbeat | Japanese | Action/Sci-Fi
Mountain Trail,9/13/2021,Action/Sci-Fi,Japanese,3.9,124216,2022-11-01 00:00:00,Mountain Trail | Japanese | Action/Sci-Fi
Desert Trek,4/20/2024,Horror,Korean,3.7,143087,2025-10-01 00:00:00,Desert Trek | Korean | Horror
Seoul Heartbeat,1/9/2020,Horror,Korean,4.4,68626,2020-02-01 00:00:00,Seoul Heartbeat | Korean | Horror
Mirror Maze,4/15/2022,Drama/Thriller,Korean,3.9,118961,2023-09-01 00:00:00,Mirror Maze | Korean | Drama/Thriller
Distant Star,8/8/2022,Comedy,Korean,4.7,126915,2024-06-01 00:00:00,Distant Star | Korean | Comedy
Crimson Tide,6/27/2024,Drama/Thriller,Korean,4.0,99524,2024-12-01 00:00:00,Crimson Tide | Korean | Drama/Thriller
Shadow Pact,7/9/2022,Romance,Korean,4.6,106939,2024-03-01 00:00:00,Shadow Pact | Korean | Romance
Silent Echoes,3/7/2022,Drama/Thriller,Korean,3.5,81857,2024-01-01 00:00:00,Silent Echoes | Korean | Drama/Thriller
Mountain Trail,7/21/2024,Documentary,Korean,4.4,56819,2025-02-01 00:00:00,Mountain Trail | Korean | Documentary
Taipei Secrets,2/2/2023,Comedy,Korean,4.5,121233,2024-08-01 00:00:00,Taipei Secrets | Korean | Comedy
Desert Trek,3/6/2021,Documentary,Hindi,3.6,49954,2021-04-01 00:00:00,Desert Trek | Hindi | Documentary
The Last Samurai,12/24/2020,Comedy,Hindi,4.1,158679,2020-12-01 00:00:00,The Last Samurai | Hindi | Comedy
Distant Star,6/10/2020,Drama/Thriller,Hindi,3.6,97249,2020-10-01 00:00:00,Distant Star | Hindi | Drama/Thriller
Cosmic Drift,4/7/2024,Action/Sci-Fi,Hindi,3.8,149242,2025-05-01 00:00:00,Cosmic Drift | Hindi | Action/Sci-Fi
Midnight Train,3/7/2020,Romance,Hindi,4.6,107101,2021-09-01 00:00:00,Midnight Train | Hindi | Romance
Lahore Nights,5/27/2020,Romance,Hindi,4.2,96371,2020-06-01 00:00:00,Lahore Nights | Hindi | Romance
Sunset Vows,11/4/2022,Drama/Thriller,Hindi,3.6,92960,2022-11-01 00:00:00,Sunset Vows | Hindi | Drama/Thriller
Tech Singularity,7/1/2024,Action/Sci-Fi,Hindi,4.0,154070,2025-03-01 00:00:00,Tech Singularity | Hindi | Action/Sci-Fi
Tokyo Drift 2,2/24/2020,Horror,Hindi,4.1,64975,2021-09-01 00:00:00,Tokyo Drift 2 | Hindi | Horror
The Green Line,11/11/2022,Action/Sci-Fi,Hindi,4.1,135367,2023-08-01 00:00:00,The Green Line | Hindi | Action/Sci-Fi
Sunset Vows,5/15/2020,Romance,Hindi,3.7,96267,2021-11-01 00:00:00,Sunset Vows | Hindi | Romance
Future City,8/5/2021,Action/Sci-Fi,Hindi,4.3,152146,2022-12-01 00:00:00,Future City | Hindi | Action/Sci-Fi
The Quantum Helix,11/14/2022,Comedy,Hindi,4.7,110521,2023-10-01 00:00:00,The Quantum Helix | Hindi | Comedy
A Summer Dream,9/21/2024,Documentary,Hindi,3.7,64988,2025-03-01 00:00:00,A Summer Dream | Hindi | Documentary
Tokyo Drift 2,2/15/2021,Drama/Thriller,Hindi,4.9,91672,2021-06-01 00:00:00,Tokyo Drift 2 | Hindi | Drama/Thriller
Digital Dawn,11/18/2020,Comedy,Hindi,4.4,132723,2021-11-01 00:00:00,Digital Dawn | Hindi | Comedy
The King's Guard,4/21/2020,Documentary,Hindi,4.0,45048,2020-12-01 00:00:00,The King's Guard | Hindi | Documentary
Love in the Frost,3/25/2024,Romance,Hindi,4.3,122334,2025-10-01 00:00:00,Love in the Frost | Hindi | Romance
The Last Samurai,1/8/2024,Romance,Hindi,3.7,112471,2025-10-01 00:00:00,The Last Samurai | Hindi | Romance
The Quantum Helix,10/7/2022,Drama/Thriller,Hindi,3.6,91395,2024-04-01 00:00:00,The Quantum Helix | Hindi | Drama/Thriller
Tech Singularity,12/2/2021,Romance,Hindi,4.0,110757,2023-09-01 00:00:00,Tech Singularity | Hindi | Romance
Lahore Nights,7/10/2024,Romance,Hindi,4.1,229647,2025-02-01 00:00:00,Lahore Nights | Hindi | Romance
Mirror Maze,2/1/2021,Romance,Hindi,4.3,122079,2021-08-01 00:00:00,Mirror Maze | Hindi | Romance
Dragon's Fury,6/18/2021,Horror,Hindi,4.5,82571,2022-11-01 00:00:00,Dragon's Fury | Hindi | Horror
Silent Echoes,8/30/2022,Comedy,Hindi,4.0,117864,2023-08-01 00:00:00,Silent Echoes | Hindi | Comedy
Eternal Hope,2/11/2020,Comedy,Hindi,3.9,114630,2022-01-01 00:00:00,Eternal Hope | Hindi | Comedy
The King's Guard,1/9/2023,Action/Sci-Fi,Hindi,4.1,147911,2024-08-01 00:00:00,The King's Guard | Hindi | Action/Sci-Fi
Sunset Vows,9/24/2023,Comedy,Hindi,3.9,129378,2024-09-01 00:00:00,Sunset Vows | Hindi | Comedy
Cosmic Drift,3/19/2023,Documentary,Hindi,4.3,58567,2024-11-01 00:00:00,Cosmic Drift | Hindi | Documentary
Mumbai Saga,12/19/2021,Drama/Thriller,Hindi,3.6,82713,2023-07-01 00:00:00,Mumbai Saga | Hindi | Drama/Thriller
Tech Singularity,1/12/2021,Action/Sci-Fi,Hindi,3.9,163490,2022-12-01 00:00:00,Tech Singularity | Hindi | Action/Sci-Fi
Tokyo Drift 2,1/28/2021,Action/Sci-Fi,Hindi,4.3,155842,2021-02-01 00:00:00,Tokyo Drift 2 | Hindi | Action/Sci-Fi
Cosmic Drift,6/28/2020,Comedy,Hindi,4.1,110445,2021-08-01 00:00:00,Cosmic Drift | Hindi | Comedy
Mirror Maze,8/13/2021,Comedy,Hindi,3.8,132225,2023-08-01 00:00:00,Mirror Maze | Hindi | Comedy
Mountain Trail,2/19/2024,Action/Sci-Fi,Hindi,4.1,150321,2024-06-01 00:00:00,Mountain Trail | Hindi | Action/Sci-Fi
Love in the Frost,2/1/2022,Drama/Thriller,Hindi,4.0,100393,2022-11-01 00:00:00,Love in the Frost | Hindi | Drama/Thriller
Desert Trek,3/31/2024,Action/Sci-Fi,Hindi,3.7,180489,2025-07-01 00:00:00,Desert Trek | Hindi | Action/Sci-Fi
Distant Star,6/20/2024,Comedy,Hindi,3.9,115187,2025-07-01 00:00:00,Distant Star | Hindi | Comedy
Seoul Heartbeat,7/13/2023,Action/Sci-Fi,Hindi,3.6,132810,2024-04-01 00:00:00,Seoul Heartbeat | Hindi | Action/Sci-Fi
Sunset Vows,12/27/2022,Action/Sci-Fi,Hindi,4.1,149998,2023-09-01 00:00:00,Sunset Vows | Hindi | Action/Sci-Fi
Future City,2/1/2021,Comedy,Hindi,4.1,107584,2021-02-01 00:00:00,Future City | Hindi | Comedy
The Quantum Helix,4/12/2022,Drama/Thriller,Hindi,4.7,109334,2022-12-01 00:00:00,The Quantum Helix | Hindi | Drama/Thriller
Digital Dawn,9/27/2020,Action/Sci-Fi,Hindi,3.7,132915,2020-10-01 00:00:00,Digital Dawn | Hindi | Action/Sci-Fi
Silent Echoes,3/27/2023,Documentary,Hindi,4.9,48866,2023-06-01 00:00:00,Silent Echoes | Hindi | Documentary
Tech Singularity,2/4/2021,Comedy,Hindi,3.7,134688,2022-09-01 00:00:00,Tech Singularity | Hindi | Comedy
Digital Dawn,3/3/2020,Drama/Thriller,Hindi,3.5,100228,2022-01-01 00:00:00,Digital Dawn | Hindi | Drama/Thriller
Cosmic Drift,11/4/2021,Comedy,Hindi,3.7,110136,2023-07-01 00:00:00,Cosmic Drift | Hindi | Comedy
Dragon's Fury,12/6/2020,Action/Sci-Fi,Hindi,4.7,147181,2022-08-01 00:00:00,Dragon's Fury | Hindi | Action/Sci-Fi
The Quantum Helix,1/26/2023,Drama/Thriller,Hindi,4.8,94098,2023-10-01 00:00:00,The Quantum Helix | Hindi | Drama/Thriller
Dragon's Fury,7/13/2020,Comedy,Hindi,4.2,152164,2021-12-01 00:00:00,Dragon's Fury | Hindi | Comedy
Taipei Secrets,9/14/2022,Comedy,Hindi,4.7,109528,2023-10-01 00:00:00,Taipei Secrets | Hindi | Comedy
Chennai Express,11/30/2022,Horror,Hindi,3.9,83743,2023-08-01 00:00:00,Chennai Express | Hindi | Horror
Silent Echoes,6/18/2021,Comedy,Hindi,4.4,152377,2022-12-01 00:00:00,Silent Echoes | Hindi | Comedy
Crimson Tide,11/28/2022,Action/Sci-Fi,Hindi,3.8,146570,2023-05-01 00:00:00,Crimson Tide | Hindi | Action/Sci-Fi
Desert Trek,12/13/2021,Drama/Thriller,Hindi,4.1,83857,2023-11-01 00:00:00,Desert Trek | Hindi | Drama/Thriller
The Green Line,11/11/2022,Documentary,Hindi,4.3,55935,2023-01-01 00:00:00,The Green Line | Hindi | Documentary
Eternal Hope,7/28/2020,Action/Sci-Fi,Hindi,4.0,151343,2022-02-01 00:00:00,Eternal Hope | Hindi | Action/Sci-Fi
Crimson Tide,1/1/2021,Romance,Hindi,4.3,203753,2021-02-01 00:00:00,Crimson Tide | Hindi | Romance
The Warrior King,9/20/2020,Action/Sci-Fi,Hindi,4.8,156194,2022-02-01 00:00:00,The Warrior King | Hindi | Action/Sci-Fi
The Quantum Helix,2/3/2020,Horror,Hindi,3.8,64941,2021-04-01 00:00:00,The Quantum Helix | Hindi | Horror
Urban Chaos,10/7/2020,Romance,Hindi,3.5,118935,2021-09-01 00:00:00,Urban Chaos | Hindi | Romance
Dragon's Fury,4/5/2022,Documentary,Hindi,4.1,60548,2023-11-01 00:00:00,Dragon's Fury | Hindi | Documentary
Silent Echoes,10/30/2020,Comedy,Hindi,4.9,105035,2022-03-01 00:00:00,Silent Echoes | Hindi | Comedy
Shadow Pact,9/27/2024,Documentary,Hindi,4.2,39688,2025-02-01 00:00:00,Shadow Pact | Hindi | Documentary
Lahore Nights,10/29/2023,Horror,Hindi,4.9,62686,2025-05-01 00:00:00,Lahore Nights | Hindi | Horror
Lahore Nights,7/9/2022,Drama/Thriller,Hindi,4.7,110620,2023-12-01 00:00:00,Lahore Nights | Hindi | Drama/Thriller
Mountain Trail,6/13/2020,Romance,Hindi,3.6,94959,2020-09-01 00:00:00,Mountain Trail | Hindi | Romance
Digital Dawn,6/4/2024,Comedy,Tamil,4.8,114295,2025-09-01 00:00:00,Digital Dawn | Tamil | Comedy
Crimson Tide,9/24/2020,Horror,Tamil,3.8,107626,2020-10-01 00:00:00,Crimson Tide | Tamil | Horror
Dragon's Fury,7/3/2021,Romance,Tamil,4.0,93578,2023-06-01 00:00:00,Dragon's Fury | Tamil | Romance
Digital Dawn,3/19/2022,Action/Sci-Fi,Tamil,4.8,135949,2023-12-01 00:00:00,Digital Dawn | Tamil | Action/Sci-Fi
Tech Singularity,12/28/2020,Documentary,Tamil,3.6,40515,2022-04-01 00:00:00,Tech Singularity | Tamil | Documentary
Mountain Trail,7/12/2022,Horror,Tamil,4.4,72264,2024-07-01 00:00:00,Mountain Trail | Tamil | Horror
Mumbai Saga,2/26/2023,Horror,Tamil,4.6,53518,2023-05-01 00:00:00,Mumbai Saga | Tamil | Horror
Midnight Train,10/18/2021,Drama/Thriller,Tamil,4.6,76415,2023-01-01 00:00:00,Midnight Train | Tamil | Drama/Thriller
Distant Star,10/26/2021,Comedy,Tamil,3.9,101256,2023-01-01 00:00:00,Distant Star | Tamil | Comedy
Dragon's Fury,2/26/2022,Romance,Tamil,4.4,76429,2022-11-01 00:00:00,Dragon's Fury | Tamil | Romance
Mumbai Saga,5/25/2022,Documentary,Tamil,4.1,25397,2022-11-01 00:00:00,Mumbai Saga | Tamil | Documentary
Crimson Tide,4/5/2021,Horror,Tamil,3.9,77443,2022-11-01 00:00:00,Crimson Tide | Tamil | Horror
Heartbreak Hotel,10/30/2021,Drama/Thriller,Tamil,4.5,77364,2022-07-01 00:00:00,Heartbreak Hotel | Tamil | Drama/Thriller
The Quantum Helix,12/28/2020,Horror,Tamil,3.6,62552,2021-02-01 00:00:00,The Quantum Helix | Tamil | Horror
Chennai Express,6/5/2021,Drama/Thriller,Tamil,3.9,94055,2022-02-01 00:00:00,Chennai Express | Tamil | Drama/Thriller
Midnight Train,6/14/2020,Comedy,Tamil,4.9,103616,2020-07-01 00:00:00,Midnight Train | Tamil | Comedy
The King's Guard,8/15/2021,Action/Sci-Fi,Tamil,4.0,116905,2023-02-01 00:00:00,The King's Guard | Tamil | Action/Sci-Fi
Taipei Secrets,2/12/2020,Action/Sci-Fi,Tamil,4.7,115975,2021-01-01 00:00:00,Taipei Secrets | Tamil | Action/Sci-Fi
The Warrior King,3/1/2022,Documentary,Tamil,4.7,52554,2022-07-01 00:00:00,The Warrior King | Tamil | Documentary
Lahore Nights,10/31/2023,Documentary,Tamil,4.4,51074,2023-11-01 00:00:00,Lahore Nights | Tamil | Documentary
Seoul Heartbeat,8/14/2020,Comedy,Tamil,3.8,118225,2020-12-01 00:00:00,Seoul Heartbeat | Tamil | Comedy
Lahore Nights,10/3/2023,Action/Sci-Fi,Tamil,4.2,153205,2025-07-01 00:00:00,Lahore Nights | Tamil | Action/Sci-Fi
Digital Dawn,2/4/2020,Documentary,Tamil,4.1,32590,2020-04-01 00:00:00,Digital Dawn | Tamil | Documentary
Distant Star,8/22/2024,Drama/Thriller,Tamil,3.8,84673,2025-06-01 00:00:00,Distant Star | Tamil | Drama/Thriller
Chennai Express,9/26/2020,Drama/Thriller,Tamil,4.4,75599,2021-12-01 00:00:00,Chennai Express | Tamil | Drama/Thriller
Cosmic Drift,7/20/2021,Documentary,Tamil,4.7,52081,2021-08-01 00:00:00,Cosmic Drift | Tamil | Documentary
The King's Guard,1/30/2023,Romance,Tamil,4.0,75456,2024-03-01 00:00:00,The King's Guard | Tamil | Romance
Taipei Secrets,11/17/2023,Action/Sci-Fi,Tamil,4.6,114101,2025-05-01 00:00:00,Taipei Secrets | Tamil | Action/Sci-Fi
Silent Echoes,1/16/2021,Comedy,Tamil,3.8,121899,2021-12-01 00:00:00,Silent Echoes | Tamil | Comedy
Eternal Hope,5/29/2020,Drama/Thriller,Tamil,3.5,67497,2022-04-01 00:00:00,Eternal Hope | Tamil | Drama/Thriller
Distant Star,1/21/2022,Drama/Thriller,Tamil,4.0,70069,2022-06-01 00:00:00,Distant Star | Tamil | Drama/Thriller
Heartbreak Hotel,3/22/2023,Drama/Thriller,Tamil,4.8,84408,2025-01-01 00:00:00,Heartbreak Hotel | Tamil | Drama/Thriller
Mirror Maze,4/19/2020,Horror,Tamil,3.9,48761,2021-12-01 00:00:00,Mirror Maze | Tamil | Horror
Heartbreak Hotel,8/4/2023,Horror,Tamil,4.7,48562,2024-12-01 00:00:00,Heartbreak Hotel | Tamil | Horror
Kochi Waves,2/18/2023,Action/Sci-Fi,Tamil,4.5,129592,2023-11-01 00:00:00,Kochi Waves | Tamil | Action/Sci-Fi
Mumbai Saga,12/18/2023,Action/Sci-Fi,Tamil,3.9,126096,2024-06-01 00:00:00,Mumbai Saga | Tamil | Action/Sci-Fi
Future City,6/24/2023,Romance,Tamil,4.3,76629,2024-03-01 00:00:00,Future City | Tamil | Romance
Silent Echoes,10/30/2022,Action/Sci-Fi,Tamil,4.3,112108,2023-06-01 00:00:00,Silent Echoes | Tamil | Action/Sci-Fi
Shadow Pact,3/1/2021,Comedy,Tamil,3.8,104073,2022-04-01 00:00:00,Shadow Pact | Tamil | Comedy
Dragon's Fury,1/8/2020,Documentary,Tamil,3.6,48518,2020-11-01 00:00:00,Dragon's Fury | Tamil | Documentary
The Warrior King,5/7/2020,Drama/Thriller,Tamil,3.6,97917,2021-10-01 00:00:00,The Warrior King | Tamil | Drama/Thriller
Heartbreak Hotel,2/1/2021,Action/Sci-Fi,Tamil,4.2,120418,2022-01-01 00:00:00,Heartbreak Hotel | Tamil | Action/Sci-Fi
The King's Guard,10/20/2020,Documentary,Tamil,4.6,31365,2020-11-01 00:00:00,The King's Guard | Tamil | Documentary
The Green Line,9/28/2024,Comedy,Tamil,4.2,85367,2025-06-01 00:00:00,The Green Line | Tamil | Comedy
Chennai Express,2/8/2022,Action/Sci-Fi,Tamil,4.7,107712,2022-03-01 00:00:00,Chennai Express | Tamil | Action/Sci-Fi
Desert Trek,7/29/2021,Drama/Thriller,Tamil,4.6,86529,2022-10-01 00:00:00,Desert Trek | Tamil | Drama/Thriller
Sunset Vows,6/18/2022,Drama/Thriller,Tamil,4.3,81112,2024-02-01 00:00:00,Sunset Vows | Tamil | Drama/Thriller
The Last Samurai,8/21/2023,Drama/Thriller,Tamil,3.5,72890,2024-07-01 00:00:00,The Last Samurai | Tamil | Drama/Thriller
The Warrior King,5/8/2022,Horror,Tamil,4.1,47265,2023-01-01 00:00:00,The Warrior King | Tamil | Horror
Kandy Dreams,4/7/2020,Horror,Tamil,4.4,72232,2021-09-01 00:00:00,Kandy Dreams | Tamil | Horror
Tokyo Drift 2,11/4/2022,Drama/Thriller,Tamil,3.9,71128,2024-01-01 00:00:00,Tokyo Drift 2 | Tamil | Drama/Thriller
Silent Echoes,8/19/2021,Action/Sci-Fi,Tamil,4.9,113966,2022-09-01 00:00:00,Silent Echoes | Tamil | Action/Sci-Fi
Chennai Express,1/25/2022,Romance,Tamil,4.7,96705,2023-09-01 00:00:00,Chennai Express | Tamil | Romance
Cosmic Drift,2/16/2024,Horror,Tamil,4.7,59030,2024-02-01 00:00:00,Cosmic Drift | Tamil | Horror
Heartbreak Hotel,10/6/2023,Romance,Tamil,4.1,100764,2025-03-01 00:00:00,Heartbreak Hotel | Tamil | Romance
Eternal Hope,1/1/2020,Documentary,Tamil,4.0,34420,2020-06-01 00:00:00,Eternal Hope | Tamil | Documentary
Tech Singularity,1/7/2022,Romance,Tamil,3.8,170693,2023-02-01 00:00:00,Tech Singularity | Tamil | Romance
Eternal Hope,2/24/2024,Horror,Tamil,4.1,46876,2025-03-01 00:00:00,Eternal Hope | Tamil | Horror
Sunset Vows,9/11/2020,Action/Sci-Fi,Tamil,4.5,118685,2022-08-01 00:00:00,Sunset Vows | Tamil | Action/Sci-Fi
Lahore Nights,9/3/2022,Romance,Tamil,3.9,104804,2024-05-01 00:00:00,Lahore Nights | Tamil | Romance
Mountain Trail,12/5/2022,Comedy,Malayalam,3.6,92224,2024-10-01 00:00:00,Mountain Trail | Malayalam | Comedy
Tokyo Drift 2,9/23/2022,Comedy,Malayalam,4.7,105161,2023-12-01 00:00:00,Tokyo Drift 2 | Malayalam | Comedy
Midnight Train,6/10/2020,Documentary,Malayalam,4.2,31729,2021-05-01 00:00:00,Midnight Train | Malayalam | Documentary
Future City,2/29/2020,Horror,Malayalam,3.8,49850,2020-07-01 00:00:00,Future City | Malayalam | Horror
Lahore Nights,3/10/2023,Drama/Thriller,Malayalam,3.6,80586,2024-03-01 00:00:00,Lahore Nights | Malayalam | Drama/Thriller
The Warrior King,3/29/2021,Comedy,Malayalam,4.7,97218,2022-03-01 00:00:00,The Warrior King | Malayalam | Comedy
Kochi Waves,8/10/2024,Action/Sci-Fi,Malayalam,4.2,123616,2025-01-01 00:00:00,Kochi Waves | Malayalam | Action/Sci-Fi
Tokyo Drift 2,8/14/2023,Romance,Malayalam,4.0,102288,2024-10-01 00:00:00,Tokyo Drift 2 | Malayalam | Romance
Heartbreak Hotel,7/15/2023,Horror,Malayalam,3.6,85324,2023-11-01 00:00:00,Heartbreak Hotel | Malayalam | Horror
Cosmic Drift,12/12/2022,Horror,Malayalam,4.4,124296,2023-10-01 00:00:00,Cosmic Drift | Malayalam | Horror
Kandy Dreams,5/22/2022,Action/Sci-Fi,Malayalam,3.8,123900,2023-06-01 00:00:00,Kandy Dreams | Malayalam | Action/Sci-Fi
Tokyo Drift 2,5/5/2020,Horror,Malayalam,3.7,60113,2021-09-01 00:00:00,Tokyo Drift 2 | Malayalam | Horror
The Warrior King,1/19/2021,Romance,Malayalam,4.1,104212,2022-11-01 00:00:00,The Warrior King | Malayalam | Romance
Heartbreak Hotel,10/13/2023,Drama/Thriller,Malayalam,4.2,91053,2024-06-01 00:00:00,Heartbreak Hotel | Malayalam | Drama/Thriller
Desert Trek,12/26/2022,Horror,Malayalam,4.5,45597,2024-08-01 00:00:00,Desert Trek | Malayalam | Horror
Seoul Heartbeat,11/9/2020,Comedy,Malayalam,3.6,100640,2022-04-01 00:00:00,Seoul Heartbeat | Malayalam | Comedy
Seoul Heartbeat,2/8/2024,Comedy,Malayalam,4.2,87919,2024-07-01 00:00:00,Seoul Heartbeat | Malayalam | Comedy
Desert Trek,3/11/2022,Romance,Malayalam,3.8,80113,2022-08-01 00:00:00,Desert Trek | Malayalam | Romance
Love in the Frost,2/15/2020,Drama/Thriller,Malayalam,4.2,76725,2021-05-01 00:00:00,Love in the Frost | Malayalam | Drama/Thriller
Taipei Secrets,5/19/2020,Comedy,Malayalam,4.2,85543,2021-02-01 00:00:00,Taipei Secrets | Malayalam | Comedy
Mumbai Saga,7/29/2020,Documentary,Malayalam,4.9,31591,2022-06-01 00:00:00,Mumbai Saga | Malayalam | Documentary
Eternal Hope,2/26/2021,Action/Sci-Fi,Malayalam,4.1,110497,2021-04-01 00:00:00,Eternal Hope | Malayalam | Action/Sci-Fi
The Warrior King,10/21/2021,Comedy,Malayalam,3.7,123240,2022-05-01 00:00:00,The Warrior King | Malayalam | Comedy
Midnight Train,4/20/2024,Drama/Thriller,Malayalam,4.2,81365,2025-10-01 00:00:00,Midnight Train | Malayalam | Drama/Thriller
Sunset Vows,6/2/2024,Comedy,Malayalam,4.8,103884,2025-02-01 00:00:00,Sunset Vows | Malayalam | Comedy
Dragon's Fury,3/31/2020,Comedy,Malayalam,4.2,89514,2020-08-01 00:00:00,Dragon's Fury | Malayalam | Comedy
Lahore Nights,12/10/2023,Comedy,Malayalam,4.6,96857,2025-09-01 00:00:00,Lahore Nights | Malayalam | Comedy
Kandy Dreams,5/7/2022,Drama/Thriller,Malayalam,3.7,91672,2023-07-01 00:00:00,Kandy Dreams | Malayalam | Drama/Thriller
Sunset Vows,11/7/2022,Romance,Malayalam,4.9,94468,2023-10-01 00:00:00,Sunset Vows | Malayalam | Romance
A Summer Dream,9/13/2020,Drama/Thriller,Malayalam,4.4,65811,2021-01-01 00:00:00,A Summer Dream | Malayalam | Drama/Thriller
Kandy Dreams,1/8/2022,Romance,Malayalam,4.6,81413,2022-10-01 00:00:00,Kandy Dreams | Malayalam | Romance
Kandy Dreams,11/1/2021,Romance,Malayalam,4.9,103753,2022-11-01 00:00:00,Kandy Dreams | Malayalam | Romance
The Quantum Helix,7/9/2023,Horror,Malayalam,4.6,71471,2024-09-01 00:00:00,The Quantum Helix | Malayalam | Horror
Lahore Nights,11/15/2021,Horror,Malayalam,4.6,47440,2022-08-01 00:00:00,Lahore Nights | Malayalam | Horror
Cosmic Drift,5/9/2023,Documentary,Malayalam,3.8,43504,2024-12-01 00:00:00,Cosmic Drift | Malayalam | Documentary
Urban Chaos,4/18/2021,Action/Sci-Fi,Malayalam,3.7,127670,2022-11-01 00:00:00,Urban Chaos | Malayalam | Action/Sci-Fi
The Warrior King,5/19/2024,Action/Sci-Fi,Malayalam,4.7,116863,2025-08-01 00:00:00,The Warrior King | Malayalam | Action/Sci-Fi
Chennai Express,2/27/2021,Action/Sci-Fi,Malayalam,4.4,114505,2022-05-01 00:00:00,Chennai Express | Malayalam | Action/Sci-Fi
Heartbreak Hotel,4/17/2024,Action/Sci-Fi,Malayalam,4.4,114027,2025-03-01 00:00:00,Heartbreak Hotel | Malayalam | Action/Sci-Fi
Seoul Heartbeat,8/16/2023,Action/Sci-Fi,Malayalam,3.5,111023,2024-03-01 00:00:00,Seoul Heartbeat | Malayalam | Action/Sci-Fi
Future City,4/5/2020,Comedy,Malayalam,4.8,98549,2021-04-01 00:00:00,Future City | Malayalam | Comedy
Crimson Tide,6/22/2024,Horror,Malayalam,4.7,106095,2025-10-01 00:00:00,Crimson Tide | Malayalam | Horror
Midnight Train,6/8/2024,Documentary,Malayalam,4.7,46148,2024-11-01 00:00:00,Midnight Train | Malayalam | Documentary
Cosmic Drift,3/24/2021,Drama/Thriller,Malayalam,3.7,75373,2022-06-01 00:00:00,Cosmic Drift | Malayalam | Drama/Thriller
Kandy Dreams,9/29/2020,Horror,Malayalam,4.5,61043,2021-07-01 00:00:00,Kandy Dreams | Malayalam | Horror
Desert Trek,3/31/2023,Drama/Thriller,Malayalam,4.0,75515,2024-04-01 00:00:00,Desert Trek | Malayalam | Drama/Thriller
Kochi Waves,2/23/2020,Romance,Malayalam,4.8,88262,2020-10-01 00:00:00,Kochi Waves | Malayalam | Romance
Dragon's Fury,11/20/2024,Documentary,Malayalam,4.1,36283,2025-11-01 00:00:00,Dragon's Fury | Malayalam | Documentary
Sunset Vows,5/30/2023,Romance,Sinhala,3.6,99702,2024-11-01 00:00:00,Sunset Vows | Sinhala | Romance
Kandy Dreams,9/21/2021,Horror,Sinhala,4.8,46952,2022-04-01 00:00:00,Kandy Dreams | Sinhala | Horror
Taipei Secrets,8/22/2024,Romance,Sinhala,4.9,83777,2025-03-01 00:00:00,Taipei Secrets | Sinhala | Romance
Distant Star,7/26/2022,Horror,Sinhala,4.0,54308,2022-12-01 00:00:00,Distant Star | Sinhala | Horror
Taipei Secrets,12/25/2023,Documentary,Sinhala,3.7,50721,2025-09-01 00:00:00,Taipei Secrets | Sinhala | Documentary
Mirror Maze,2/19/2024,Romance,Sinhala,4.7,173789,2024-02-01 00:00:00,Mirror Maze | Sinhala | Romance
The Warrior King,11/7/2024,Comedy,Sinhala,4.6,112466,2025-03-01 00:00:00,The Warrior King | Sinhala | Comedy
Kandy Dreams,6/9/2023,Documentary,Sinhala,3.6,30456,2025-05-01 00:00:00,Kandy Dreams | Sinhala | Documentary
Mirror Maze,8/8/2023,Romance,Sinhala,3.8,161474,2024-12-01 00:00:00,Mirror Maze | Sinhala | Romance
Chennai Express,2/7/2024,Romance,Sinhala,4.1,85936,2025-06-01 00:00:00,Chennai Express | Sinhala | Romance
Desert Trek,12/31/2021,Comedy,Sinhala,3.5,93159,2022-01-01 00:00:00,Desert Trek | Sinhala | Comedy
Kochi Waves,6/18/2020,Documentary,Sinhala,4.5,35653,2021-06-01 00:00:00,Kochi Waves | Sinhala | Documentary
Tech Singularity,6/12/2020,Comedy,Sinhala,4.1,88785,2021-04-01 00:00:00,Tech Singularity | Sinhala | Comedy
A Summer Dream,2/18/2022,Action/Sci-Fi,Sinhala,4.3,117104,2022-04-01 00:00:00,A Summer Dream | Sinhala | Action/Sci-Fi
Kandy Dreams,3/6/2024,Comedy,Sinhala,3.5,108986,2024-04-01 00:00:00,Kandy Dreams | Sinhala | Comedy
Digital Dawn,4/23/2020,Drama/Thriller,Sinhala,3.6,75649,2022-02-01 00:00:00,Digital Dawn | Sinhala | Drama/Thriller
Midnight Train,4/15/2023,Romance,Sinhala,4.1,96954,2024-11-01 00:00:00,Midnight Train | Sinhala | Romance
Tech Singularity,7/23/2023,Action/Sci-Fi,Sinhala,4.1,131509,2024-11-01 00:00:00,Tech Singularity | Sinhala | Action/Sci-Fi
Future City,6/16/2023,Romance,Sinhala,4.4,101324,2023-10-01 00:00:00,Future City | Sinhala | Romance
Shadow Pact,12/3/2021,Drama/Thriller,Sinhala,4.8,85787,2023-01-01 00:00:00,Shadow Pact | Sinhala | Drama/Thriller
The King's Guard,11/15/2020,Action/Sci-Fi,Sinhala,4.2,109472,2021-04-01 00:00:00,The King's Guard | Sinhala | Action/Sci-Fi
Heartbreak Hotel,1/6/2023,Drama/Thriller,Sinhala,4.6,90290,2023-09-01 00:00:00,Heartbreak Hotel | Sinhala | Drama/Thriller
The Quantum Helix,6/13/2022,Action/Sci-Fi,Sinhala,4.5,125335,2023-03-01 00:00:00,The Quantum Helix | Sinhala | Action/Sci-Fi
Sunset Vows,3/13/2023,Comedy,Sinhala,4.1,101635,2024-11-01 00:00:00,Sunset Vows | Sinhala | Comedy
Mumbai Saga,2/19/2021,Drama/Thriller,Sinhala,4.3,89471,2021-05-01 00:00:00,Mumbai Saga | Sinhala | Drama/Thriller
Mountain Trail,5/19/2022,Romance,Sinhala,4.4,90409,2023-11-01 00:00:00,Mountain Trail | Sinhala | Romance
A Summer Dream,12/31/2022,Romance,Sinhala,3.8,90616,2023-08-01 00:00:00,A Summer Dream | Sinhala | Romance
Digital Dawn,6/2/2021,Comedy,Sinhala,3.8,97213,2023-01-01 00:00:00,Digital Dawn | Sinhala | Comedy
Mumbai Saga,6/22/2020,Comedy,Sinhala,4.7,86731,2021-09-01 00:00:00,Mumbai Saga | Sinhala | Comedy
Tokyo Drift 2,9/5/2020,Action/Sci-Fi,Sinhala,4.0,130098,2020-11-01 00:00:00,Tokyo Drift 2 | Sinhala | Action/Sci-Fi
Mumbai Saga,11/14/2023,Romance,Sinhala,3.9,82555,2024-08-01 00:00:00,Mumbai Saga | Sinhala | Romance
Love in the Frost,3/18/2020,Documentary,Sinhala,4.0,44202,2021-07-01 00:00:00,Love in the Frost | Sinhala | Documentary
Digital Dawn,11/4/2024,Drama/Thriller,Sinhala,3.7,90313,2025-01-01 00:00:00,Digital Dawn | Sinhala | Drama/Thriller
Taipei Secrets,12/19/2024,Comedy,Sinhala,4.7,110208,2025-12-01 00:00:00,Taipei Secrets | Sinhala | Comedy
The Green Line,2/15/2024,Drama/Thriller,Sinhala,4.7,93809,2024-04-01 00:00:00,The Green Line | Sinhala | Drama/Thriller
Lahore Nights,11/11/2020,Documentary,Sinhala,4.5,44021,2021-03-01 00:00:00,Lahore Nights | Sinhala | Documentary
Mountain Trail,2/17/2021,Drama/Thriller,Sinhala,4.0,89579,2021-06-01 00:00:00,Mountain Trail | Sinhala | Drama/Thriller
The Green Line,3/3/2024,Documentary,Sinhala,3.6,47737,2025-03-01 00:00:00,The Green Line | Sinhala | Documentary
Urban Chaos,8/14/2022,Drama/Thriller,Sinhala,3.8,76756,2022-12-01 00:00:00,Urban Chaos | Sinhala | Drama/Thriller
Cosmic Drift,5/20/2022,Documentary,Sinhala,4.6,33117,2023-05-01 00:00:00,Cosmic Drift | Sinhala | Documentary
The Warrior King,2/28/2024,Drama/Thriller,Sinhala,4.4,67821,2024-04-01 00:00:00,The Warrior King | Sinhala | Drama/Thriller
Kandy Dreams,8/28/2024,Comedy,Sinhala,4.9,128204,2024-12-01 00:00:00,Kandy Dreams | Sinhala | Comedy
Dragon's Fury,6/22/2023,Comedy,Sinhala,3.9,112732,2023-12-01 00:00:00,Dragon's Fury | Sinhala | Comedy
Love in the Frost,9/25/2021,Romance,Sinhala,4.7,170237,2023-02-01 00:00:00,Love in the Frost | Sinhala | Romance
A Summer Dream,1/30/2021,Action/Sci-Fi,Sinhala,4.2,152733,2021-07-01 00:00:00,A Summer Dream | Sinhala | Action/Sci-Fi
Kochi Waves,1/31/2024,Action/Sci-Fi,Sinhala,4.1,105581,2024-06-01 00:00:00,Kochi Waves | Sinhala | Action/Sci-Fi
Chennai Express,4/13/2021,Drama/Thriller,Sinhala,3.6,86031,2022-10-01 00:00:00,Chennai Express | Sinhala | Drama/Thriller
Future City,7/23/2024,Comedy,Sinhala,4.1,108309,2025-09-01 00:00:00,Future City | Sinhala | Comedy
The King's Guard,9/11/2020,Documentary,Chinese,3.8,39436,2021-04-01 00:00:00,The King's Guard | Chinese | Documentary
Seoul Heartbeat,6/25/2024,Comedy,Chinese,4.6,128062,2025-04-01 00:00:00,Seoul Heartbeat | Chinese | Comedy
Distant Star,5/18/2022,Documentary,Chinese,4.5,39066,2023-09-01 00:00:00,Distant Star | Chinese | Documentary
Seoul Heartbeat,7/12/2020,Romance,Chinese,4.2,95431,2021-06-01 00:00:00,Seoul Heartbeat | Chinese | Romance
Midnight Train,2/8/2024,Romance,Chinese,4.9,105008,2025-07-01 00:00:00,Midnight Train | Chinese | Romance
Silent Echoes,7/9/2024,Horror,Chinese,3.6,78484,2025-08-01 00:00:00,Silent Echoes | Chinese | Horror
Chennai Express,12/28/2020,Action/Sci-Fi,Chinese,4.7,191231,2022-07-01 00:00:00,Chennai Express | Chinese | Action/Sci-Fi
Eternal Hope,3/29/2021,Comedy,Chinese,4.2,110254,2022-07-01 00:00:00,Eternal Hope | Chinese | Comedy
Lahore Nights,2/11/2021,Comedy,Chinese,4.6,117597,2022-06-01 00:00:00,Lahore Nights | Chinese | Comedy
Mirror Maze,5/21/2021,Romance,Chinese,4.6,194188,2022-12-01 00:00:00,Mirror Maze | Chinese | Romance
The Warrior King,9/26/2023,Documentary,Chinese,3.6,53661,2023-10-01 00:00:00,The Warrior King | Chinese | Documentary
Seoul Heartbeat,8/25/2023,Romance,Chinese,4.6,226835,2024-02-01 00:00:00,Seoul Heartbeat | Chinese | Romance
Mountain Trail,6/9/2022,Romance,Chinese,4.6,120284,2023-08-01 00:00:00,Mountain Trail | Chinese | Romance
The King's Guard,2/18/2020,Documentary,Chinese,3.8,66629,2021-08-01 00:00:00,The King's Guard | Chinese | Documentary
Mountain Trail,5/31/2023,Horror,Chinese,4.4,64247,2023-12-01 00:00:00,Mountain Trail | Chinese | Horror
The Quantum Helix,9/1/2023,Action/Sci-Fi,Chinese,4.6,140434,2024-06-01 00:00:00,The Quantum Helix | Chinese | Action/Sci-Fi
The King's Guard,4/21/2022,Horror,Chinese,3.6,68831,2024-04-01 00:00:00,The King's Guard | Chinese | Horror
Love in the Frost,4/3/2022,Documentary,Chinese,4.7,38684,2023-07-01 00:00:00,Love in the Frost | Chinese | Documentary
Kandy Dreams,3/5/2023,Horror,Chinese,4.6,66318,2023-05-01 00:00:00,Kandy Dreams | Chinese | Horror
Mumbai Saga,11/5/2023,Action/Sci-Fi,Chinese,4.6,153497,2024-08-01 00:00:00,Mumbai Saga | Chinese | Action/Sci-Fi
Desert Trek,12/19/2023,Comedy,Chinese,4.3,116820,2025-01-01 00:00:00,Desert Trek | Chinese | Comedy
Love in the Frost,4/25/2020,Comedy,Chinese,4.3,149368,2021-05-01 00:00:00,Love in the Frost | Chinese | Comedy
Chennai Express,5/20/2021,Action/Sci-Fi,Chinese,3.7,162666,2022-12-01 00:00:00,Chennai Express | Chinese | Action/Sci-Fi
Sunset Vows,8/23/2020,Action/Sci-Fi,Chinese,3.7,155657,2021-10-01 00:00:00,Sunset Vows | Chinese | Action/Sci-Fi
Cosmic Drift,3/25/2020,Romance,Chinese,4.0,121284,2021-08-01 00:00:00,Cosmic Drift | Chinese | Romance
Distant Star,10/19/2024,Comedy,Chinese,4.0,123746,2025-09-01 00:00:00,Distant Star | Chinese | Comedy
Mumbai Saga,8/23/2021,Documentary,Chinese,3.9,36110,2023-05-01 00:00:00,Mumbai Saga | Chinese | Documentary
Distant Star,10/1/2021,Action/Sci-Fi,Chinese,3.8,147991,2022-12-01 00:00:00,Distant Star | Chinese | Action/Sci-Fi
Mumbai Saga,10/18/2023,Drama/Thriller,Chinese,3.6,117383,2025-09-01 00:00:00,Mumbai Saga | Chinese | Drama/Thriller
Heartbreak Hotel,1/14/2023,Comedy,Chinese,3.7,113872,2024-11-01 00:00:00,Heartbreak Hotel | Chinese | Comedy
Digital Dawn,2/27/2023,Documentary,Chinese,4.6,49295,2024-01-01 00:00:00,Digital Dawn | Chinese | Documentary
Love in the Frost,10/19/2020,Drama/Thriller,Chinese,4.7,108217,2021-11-01 00:00:00,Love in the Frost | Chinese | Drama/Thriller
Digital Dawn,4/3/2022,Documentary,Chinese,4.1,56757,2023-05-01 00:00:00,Digital Dawn | Chinese | Documentary
Mountain Trail,7/30/2022,Documentary,Chinese,3.9,43257,2023-05-01 00:00:00,Mountain Trail | Chinese | Documentary
Cosmic Drift,9/27/2022,Action/Sci-Fi,Chinese,4.0,147053,2023-05-01 00:00:00,Cosmic Drift | Chinese | Action/Sci-Fi
Love in the Frost,5/20/2022,Romance,Chinese,4.8,114831,2022-08-01 00:00:00,Love in the Frost | Chinese | Romance
Chennai Express,3/26/2021,Comedy,Chinese,4.8,122754,2023-02-01 00:00:00,Chennai Express | Chinese | Comedy
Tokyo Drift 2,7/10/2023,Horror,Chinese,4.2,79250,2024-08-01 00:00:00,Tokyo Drift 2 | Chinese | Horror
Crimson Tide,7/29/2024,Drama/Thriller,Chinese,3.8,81407,2025-12-01 00:00:00,Crimson Tide | Chinese | Drama/Thriller
The Green Line,6/15/2020,Documentary,Chinese,4.7,49577,2022-06-01 00:00:00,The Green Line | Chinese | Documentary
Mumbai Saga,12/17/2022,Drama/Thriller,Chinese,4.3,95394,2023-10-01 00:00:00,Mumbai Saga | Chinese | Drama/Thriller
Future City,11/9/2020,Romance,Chinese,4.3,93404,2021-06-01 00:00:00,Future City | Chinese | Romance
Mirror Maze,7/12/2024,Action/Sci-Fi,Chinese,3.7,157280,2024-10-01 00:00:00,Mirror Maze | Chinese | Action/Sci-Fi
Silent Echoes,7/5/2020,Comedy,Chinese,4.7,111046,2022-04-01 00:00:00,Silent Echoes | Chinese | Comedy
Midnight Train,9/5/2023,Horror,Chinese,4.1,67239,2024-12-01 00:00:00,Midnight Train | Chinese | Horror
Midnight Train,4/29/2020,Documentary,Chinese,3.6,47345,2021-12-01 00:00:00,Midnight Train | Chinese | Documentary
The Last Samurai,9/25/2022,Drama/Thriller,Chinese,4.8,89278,2024-04-01 00:00:00,The Last Samurai | Chinese | Drama/Thriller
Lahore Nights,11/20/2020,Action/Sci-Fi,Chinese,4.5,184630,2022-07-01 00:00:00,Lahore Nights | Chinese | Action/Sci-Fi
Lahore Nights,8/10/2022,Drama/Thriller,Chinese,4.7,106382,2022-11-01 00:00:00,Lahore Nights | Chinese | Drama/Thriller
Tech Singularity,3/20/2023,Comedy,Taiwanese,4.8,89792,2024-06-01 00:00:00,Tech Singularity | Taiwanese | Comedy
Eternal Hope,10/3/2022,Romance,Taiwanese,4.3,155582,2023-12-01 00:00:00,Eternal Hope | Taiwanese | Romance
Chennai Express,8/27/2020,Documentary,Taiwanese,3.6,38279,2021-06-01 00:00:00,Chennai Express | Taiwanese | Documentary
Cosmic Drift,3/29/2020,Drama/Thriller,Taiwanese,4.4,94370,2021-08-01 00:00:00,Cosmic Drift | Taiwanese | Drama/Thriller
Mumbai Saga,9/25/2021,Horror,Taiwanese,4.5,53394,2023-06-01 00:00:00,Mumbai Saga | Taiwanese | Horror
Dragon's Fury,6/21/2020,Documentary,Taiwanese,4.0,43203,2021-09-01 00:00:00,Dragon's Fury | Taiwanese | Documentary
Shadow Pact,1/4/2022,Romance,Taiwanese,4.8,100546,2022-04-01 00:00:00,Shadow Pact | Taiwanese | Romance
Midnight Train,2/10/2023,Romance,Taiwanese,4.0,76610,2023-04-01 00:00:00,Midnight Train | Taiwanese | Romance
The Green Line,9/3/2022,Comedy,Taiwanese,4.2,99212,2024-02-01 00:00:00,The Green Line | Taiwanese | Comedy
Love in the Frost,11/5/2024,Action/Sci-Fi,Taiwanese,4.0,114103,2025-09-01 00:00:00,Love in the Frost | Taiwanese | Action/Sci-Fi
Lahore Nights,1/21/2020,Horror,Taiwanese,4.4,71049,2020-12-01 00:00:00,Lahore Nights | Taiwanese | Horror
Kochi Waves,10/7/2020,Horror,Taiwanese,4.2,63873,2021-08-01 00:00:00,Kochi Waves | Taiwanese | Horror
Desert Trek,4/1/2022,Comedy,Taiwanese,4.0,123180,2022-12-01 00:00:00,Desert Trek | Taiwanese | Comedy
Sunset Vows,7/6/2021,Documentary,Taiwanese,4.4,53533,2022-08-01 00:00:00,Sunset Vows | Taiwanese | Documentary
Tech Singularity,6/9/2022,Drama/Thriller,Taiwanese,3.7,87108,2023-11-01 00:00:00,Tech Singularity | Taiwanese | Drama/Thriller
Distant Star,1/17/2022,Comedy,Taiwanese,3.9,100154,2023-04-01 00:00:00,Distant Star | Taiwanese | Comedy
A Summer Dream,10/20/2023,Comedy,Taiwanese,4.7,132307,2024-05-01 00:00:00,A Summer Dream | Taiwanese | Comedy
Seoul Heartbeat,6/3/2020,Horror,Taiwanese,4.5,68107,2021-09-01 00:00:00,Seoul Heartbeat | Taiwanese | Horror
Kandy Dreams,2/13/2021,Horror,Taiwanese,4.0,109541,2021-10-01 00:00:00,Kandy Dreams | Taiwanese | Horror
Sunset Vows,6/9/2022,Action/Sci-Fi,Taiwanese,4.9,152058,2022-07-01 00:00:00,Sunset Vows | Taiwanese | Action/Sci-Fi
Mumbai Saga,6/25/2022,Horror,Taiwanese,4.7,119449,2022-10-01 00:00:00,Mumbai Saga | Taiwanese | Horror
Kandy Dreams,7/18/2021,Documentary,Taiwanese,3.7,29901,2023-02-01 00:00:00,Kandy Dreams | Taiwanese | Documentary
Tokyo Drift 2,8/19/2020,Romance,Taiwanese,4.7,81243,2022-05-01 00:00:00,Tokyo Drift 2 | Taiwanese | Romance
Seoul Heartbeat,2/12/2021,Horror,Taiwanese,4.7,48571,2022-07-01 00:00:00,Seoul Heartbeat | Taiwanese | Horror
The Last Samurai,11/16/2024,Comedy,Taiwanese,4.0,114910,2025-10-01 00:00:00,The Last Samurai | Taiwanese | Comedy
Silent Echoes,5/27/2023,Drama/Thriller,Taiwanese,4.6,94433,2024-03-01 00:00:00,Silent Echoes | Taiwanese | Drama/Thriller
A Summer Dream,1/13/2022,Romance,Taiwanese,4.3,104264,2022-10-01 00:00:00,A Summer Dream | Taiwanese | Romance
The Quantum Helix,5/12/2022,Documentary,Taiwanese,4.5,49289,2022-10-01 00:00:00,The Quantum Helix | Taiwanese | Documentary
Midnight Train,7/8/2020,Comedy,Taiwanese,3.6,87394,2022-03-01 00:00:00,Midnight Train | Taiwanese | Comedy
The Warrior King,5/27/2020,Drama/Thriller,Taiwanese,3.9,67016,2021-01-01 00:00:00,The Warrior King | Taiwanese | Drama/Thriller
Future City,3/7/2023,Romance,Taiwanese,4.4,79273,2023-06-01 00:00:00,Future City | Taiwanese | Romance
Heartbreak Hotel,2/21/2020,Action/Sci-Fi,Taiwanese,3.9,158621,2021-07-01 00:00:00,Heartbreak Hotel | Taiwanese | Action/Sci-Fi
The Quantum Helix,6/26/2024,Drama/Thriller,Taiwanese,3.7,66787,2025-07-01 00:00:00,The Quantum Helix | Taiwanese | Drama/Thriller
Eternal Hope,1/2/2024,Comedy,Taiwanese,4.8,100147,2024-04-01 00:00:00,Eternal Hope | Taiwanese | Comedy
Future City,1/15/2021,Romance,Taiwanese,4.9,95716,2021-07-01 00:00:00,Future City | Taiwanese | Romance
Digital Dawn,3/28/2020,Horror,Taiwanese,4.3,57784,2020-11-01 00:00:00,Digital Dawn | Taiwanese | Horror
Cosmic Drift,10/24/2023,Documentary,Taiwanese,4.4,53881,2024-02-01 00:00:00,Cosmic Drift | Taiwanese | Documentary
Digital Dawn,6/14/2021,Comedy,Taiwanese,3.9,95827,2022-07-01 00:00:00,Digital Dawn | Taiwanese | Comedy
Silent Echoes,10/7/2024,Action/Sci-Fi,Taiwanese,4.5,116940,2025-09-01 00:00:00,Silent Echoes | Taiwanese | Action/Sci-Fi
The King's Guard,5/8/2023,Romance,Pakistani,4.3,81704,2025-01-01 00:00:00,The King's Guard | Pakistani | Romance
Distant Star,6/8/2021,Horror,Pakistani,4.3,113347,2021-10-01 00:00:00,Distant Star | Pakistani | Horror
Lahore Nights,5/8/2021,Documentary,Pakistani,4.1,49904,2022-08-01 00:00:00,Lahore Nights | Pakistani | Documentary
Digital Dawn,2/7/2023,Documentary,Pakistani,4.4,38437,2023-10-01 00:00:00,Digital Dawn | Pakistani | Documentary
Urban Chaos,6/28/2022,Action/Sci-Fi,Pakistani,4.6,129958,2023-06-01 00:00:00,Urban Chaos | Pakistani | Action/Sci-Fi
Love in the Frost,9/30/2024,Comedy,Pakistani,4.8,114768,2025-09-01 00:00:00,Love in the Frost | Pakistani | Comedy
Mumbai Saga,10/17/2023,Comedy,Pakistani,4.7,86511,2025-08-01 00:00:00,Mumbai Saga | Pakistani | Comedy
Cosmic Drift,12/3/2022,Drama/Thriller,Pakistani,4.4,68003,2023-05-01 00:00:00,Cosmic Drift | Pakistani | Drama/Thriller
Love in the Frost,5/16/2024,Comedy,Pakistani,4.5,86877,2024-06-01 00:00:00,Love in the Frost | Pakistani | Comedy
Dragon's Fury,4/8/2021,Drama/Thriller,Pakistani,4.2,75782,2022-12-01 00:00:00,Dragon's Fury | Pakistani | Drama/Thriller
Sunset Vows,4/25/2023,Comedy,Pakistani,4.9,90196,2023-09-01 00:00:00,Sunset Vows | Pakistani | Comedy
Cosmic Drift,2/27/2020,Horror,Pakistani,4.2,56428,2020-08-01 00:00:00,Cosmic Drift | Pakistani | Horror
A Summer Dream,7/31/2023,Horror,Pakistani,4.4,68602,2025-02-01 00:00:00,A Summer Dream | Pakistani | Horror
Cosmic Drift,11/17/2021,Romance,Pakistani,4.8,83883,2023-03-01 00:00:00,Cosmic Drift | Pakistani | Romance
Kandy Dreams,1/26/2022,Comedy,Pakistani,4.7,93376,2023-06-01 00:00:00,Kandy Dreams | Pakistani | Comedy
Seoul Heartbeat,7/11/2022,Action/Sci-Fi,Pakistani,4.3,129825,2023-05-01 00:00:00,Seoul Heartbeat | Pakistani | Action/Sci-Fi
Mirror Maze,2/17/2021,Drama/Thriller,Pakistani,3.8,93583,2022-08-01 00:00:00,Mirror Maze | Pakistani | Drama/Thriller
Distant Star,2/17/2024,Drama/Thriller,Pakistani,4.4,70973,2025-11-01 00:00:00,Distant Star | Pakistani | Drama/Thriller
Heartbreak Hotel,11/8/2024,Comedy,Pakistani,4.2,112461,2025-02-01 00:00:00,Heartbreak Hotel | Pakistani | Comedy
The Warrior King,12/8/2023,Horror,Pakistani,4.3,130547,2025-10-01 00:00:00,The Warrior King | Pakistani | Horror
The Warrior King,5/29/2022,Romance,Pakistani,4.0,100266,2023-08-01 00:00:00,The Warrior King | Pakistani | Romance
Distant Star,12/6/2024,Action/Sci-Fi,Pakistani,4.1,125995,2025-02-01 00:00:00,Distant Star | Pakistani | Action/Sci-Fi
Desert Trek,3/19/2021,Drama/Thriller,Pakistani,4.7,94718,2021-05-01 00:00:00,Desert Trek | Pakistani | Drama/Thriller
Mirror Maze,5/16/2021,Comedy,Pakistani,4.3,112307,2021-10-01 00:00:00,Mirror Maze | Pakistani | Comedy
The Warrior King,10/16/2020,Comedy,Pakistani,4.8,98257,2021-10-01 00:00:00,The Warrior King | Pakistani | Comedy
Silent Echoes,5/30/2020,Drama/Thriller,Pakistani,4.0,68793,2021-08-01 00:00:00,Silent Echoes | Pakistani | Drama/Thriller
Tech Singularity,7/22/2022,Action/Sci-Fi,Pakistani,4.2,124400,2023-01-01 00:00:00,Tech Singularity | Pakistani | Action/Sci-Fi
Dragon's Fury,3/16/2024,Action/Sci-Fi,Pakistani,4.7,107344,2025-08-01 00:00:00,Dragon's Fury | Pakistani | Action/Sci-Fi
Cosmic Drift,12/15/2023,Drama/Thriller,Pakistani,3.9,73947,2025-01-01 00:00:00,Cosmic Drift | Pakistani | Drama/Thriller
The Last Samurai,10/11/2021,Action/Sci-Fi,Pakistani,4.4,116492,2023-09-01 00:00:00,The Last Samurai | Pakistani | Action/Sci-Fi
Love in the Frost,9/4/2021,Drama/Thriller,Pakistani,3.7,74402,2023-02-01 00:00:00,Love in the Frost | Pakistani | Drama/Thriller
Cosmic Drift,1/19/2023,Documentary,Pakistani,4.1,39467,2023-07-01 00:00:00,Cosmic Drift | Pakistani | Documentary
Love in the Frost,8/21/2024,Documentary,Pakistani,4.6,39207,2024-09-01 00:00:00,Love in the Frost | Pakistani | Documentary
Mumbai Saga,2/24/2024,Comedy,Pakistani,4.8,85100,2024-11-01 00:00:00,Mumbai Saga | Pakistani | Comedy
The Green Line,1/4/2022,Romance,Pakistani,3.9,83268,2022-10-01 00:00:00,The Green Line | Pakistani | Romance
The Quantum Helix,4/18/2023,Drama/Thriller,Pakistani,4.5,88114,2024-04-01 00:00:00,The Quantum Helix | Pakistani | Drama/Thriller
Chennai Express,5/19/2024,Action/Sci-Fi,Pakistani,4.5,132198,2024-08-01 00:00:00,Chennai Express | Pakistani | Action/Sci-Fi
Kochi Waves,8/2/2024,Drama/Thriller,Pakistani,4.4,91648,2025-10-01 00:00:00,Kochi Waves | Pakistani | Drama/Thriller
Lahore Nights,2/25/2023,Drama/Thriller,Pakistani,4.8,92721,2024-03-01 00:00:00,Lahore Nights | Pakistani | Drama/Thriller
